해구번호,유의파고(m),파향(deg),최대파주기(sec),풍속(m/s),풍향(deg)
    1,     1.2,    149,     7.7,     6.6,    150
    2,     1.3,    121,     7.6,     3.4,    211
    3,     1.3,    122,     7.6,     4.1,    213
    4,     1.4,    123,     7.6,     3.1,    179
    5,     1.5,    123,     7.5,     5.7,    146
    6,     1.2,     99,     7.5,     0.8,    226
    7,     1.4,    109,     7.6,     4.2,    208
    8,     1.4,    110,     7.5,     5.1,    199
    9,     1.4,    109,     7.5,     3.4,    193
   10,     1.4,    109,     7.4,     3.4,    185
   11,     1.2,     95,     7.5,     2.5,    200
   12,     1.4,    108,     7.5,     5.5,    203
   13,     1.4,    106,     7.5,     4.5,    212
   14,     1.4,     99,     7.4,     3.2,    201
   15,     1.4,     99,     7.3,     3.0,    192
   16,     1.0,    105,     7.2,     4.0,    222
   17,     1.2,     96,     7.4,     5.5,    232
   18,     1.3,     96,     7.5,     5.2,    230
   19,     1.3,     93,     7.5,     4.1,    240
   20,     1.3,     93,     7.4,     3.2,    226
   21,     1.4,     93,     7.3,     2.5,    197
   22,     0.9,     93,     7.1,     5.7,    219
   23,     1.1,     88,     7.3,     6.6,    225
   24,     1.2,     87,     7.4,     6.5,    231
   25,     1.2,     88,     7.4,     5.6,    244
   26,     1.3,     87,     7.4,     4.5,    258
   27,     1.3,     87,     7.4,     3.3,    254
   28,     1.3,     88,     7.3,     2.2,    208
   29,     0.7,     86,     7.2,     2.8,    205
   30,     0.8,     79,     7.2,     4.8,    202
   31,     1.0,     76,     7.1,     5.3,    207
   32,     1.1,     78,     7.1,     5.5,    222
   33,     1.1,     80,     7.2,     5.5,    239
   34,     1.2,     80,     7.3,     5.6,    255
   35,     1.2,     79,     7.3,     5.2,    263
   36,     1.3,     80,     7.3,     3.6,    274
   37,     1.3,     80,     7.2,     2.0,    242
   38,     0.7,     64,     7.5,     2.3,    160
   39,     0.9,     64,     7.5,     3.5,    168
   40,     0.9,     66,     7.3,     3.5,    192
   41,     1.0,     69,     7.1,     3.4,    231
   42,     1.1,     71,     7.2,     4.8,    264
   43,     1.1,     71,     7.2,     5.5,    274
   44,     1.2,     71,     7.2,     5.2,    274
   45,     1.2,     69,     7.2,     4.4,    281
   46,     1.2,     70,     7.2,     3.3,    279
   47,     0.9,     55,     7.5,     3.1,    144
   48,     0.9,     56,     7.5,     3.4,    181
   49,     1.0,     59,     7.4,     3.0,    244
   50,     1.0,     62,     7.2,     4.4,    276
   51,     1.1,     62,     7.2,     5.2,    289
   52,     1.1,     61,     7.2,     5.1,    296
   53,     1.1,     58,     7.2,     4.7,    299
   54,     1.2,     63,     7.2,     3.8,    295
   55,     0.9,     47,     7.6,     2.2,    184
   56,     0.9,     51,     7.5,     2.5,    239
   57,     1.0,     56,     7.5,     3.9,    275
   58,     1.1,     59,     7.5,     4.6,    283
   59,     1.1,     58,     7.5,     4.7,    298
   60,     1.1,     61,     7.3,     4.0,    308
   61,     1.3,     95,     7.3,     2.7,    309
   62,     0.8,     41,     7.6,     1.4,    195
   63,     0.9,     48,     7.6,     1.3,    211
   64,     1.1,     74,     7.5,     2.6,    282
   65,     1.2,    104,     7.5,     3.9,    294
   66,     1.2,    107,     7.5,     3.5,    298
   67,     1.3,    149,     7.5,     1.8,    321
   68,     1.4,    193,     7.5,     2.4,    330
   69,     0.9,     45,     7.6,     0.9,    155
   70,     1.2,     99,     7.5,     1.7,    289
   71,     1.3,    154,     7.4,     3.0,    300
   72,     1.4,    186,     7.3,     2.6,    299
   73,     1.5,    199,     7.4,     2.2,    309
   74,     1.6,    213,     7.4,     2.1,    318
   75,  -999.0,   -999,  -999.0,  -999.0,   -999
   76,     1.1,    116,     7.3,     2.1,    319
   77,     1.3,    179,     7.2,     3.9,    317
   78,     1.5,    199,     7.2,     3.7,    317
   79,     1.6,    212,     7.2,     3.1,    312
   80,     1.7,    221,     7.2,     2.4,    279
   81,     0.5,     49,     7.8,     1.0,    261
   82,     1.1,    139,     7.5,     3.3,    294
   83,     1.4,    195,     7.5,     4.7,    296
   84,     1.6,    211,     7.3,     3.8,    287
   85,     1.7,    221,     7.1,     4.7,    258
   86,     1.9,    227,     7.1,     8.9,    228
   87,     1.3,    187,     7.8,     2.9,    280
   88,     1.6,    206,     7.6,     4.6,    260
   89,     1.7,    216,     7.2,     6.7,    239
   90,     1.8,    224,     7.0,     9.4,    224
   91,     2.0,    231,     6.9,    10.7,    223
   92,     1.3,    199,     8.0,     5.7,    234
   93,     1.5,    208,     7.8,     6.7,    238
   94,     1.6,    212,     6.9,     7.3,    234
   95,     1.9,    220,     7.0,     8.5,    221
   96,     2.0,    230,     7.0,     9.8,    219
   97,     0.5,    172,     7.0,     3.7,    259
   98,     0.9,    202,     7.1,     5.1,    256
   99,     1.2,    198,     7.6,     5.9,    246
  100,     1.5,    216,     8.1,     6.8,    242
  101,     1.2,    205,     6.5,     7.2,    235
  102,     1.7,    220,     6.7,     7.7,    224
  103,     1.9,    232,     6.9,     8.7,    218
  104,     1.2,    193,     7.5,     3.6,    255
  105,     1.6,    208,     7.7,     5.1,    253
  106,     1.8,    217,     7.9,     6.6,    244
  107,     1.6,    221,     7.8,     7.2,    235
  108,     1.6,    225,     8.1,     7.7,    227
  109,     1.6,    236,     6.8,     8.3,    224
  110,     1.6,    207,     7.6,     2.7,    245
  111,     1.7,    216,     7.7,     4.1,    242
  112,     1.8,    225,     7.8,     5.4,    237
  113,     1.6,    211,     7.6,     3.7,    213
  114,     1.7,    219,     7.6,     3.5,    214
  115,     1.7,    216,     7.5,     3.5,    191
  116,     0.5,    168,     7.7,     1.7,    213
  117,     0.8,    181,     7.7,     2.1,    179
  118,     0.7,    192,     7.7,     3.5,    164
  119,     0.5,    171,     7.6,     4.2,    209
  120,     0.7,    176,     7.7,     3.7,    222
  121,     0.9,    184,     7.7,     2.6,    193
  122,     0.8,    196,     7.7,     4.3,    164
  123,     0.6,    211,     5.7,     5.8,    181
  124,     0.4,    232,     4.5,     5.5,    167
  125,     0.8,    213,     6.3,     6.8,    231
  126,     0.9,    187,     7.6,     6.1,    227
  127,     0.9,    184,     7.6,     4.5,    208
  128,     1.0,    190,     7.7,     2.9,    189
  129,     0.9,    198,     7.6,     3.7,    153
  130,     0.6,    224,     5.6,     4.9,    161
  131,     0.5,    267,     4.6,     6.7,    227
  132,     0.6,    243,     5.4,     5.9,    223
  133,     0.8,    190,     7.5,     4.7,    217
  134,     0.9,    187,     7.7,     3.4,    208
  135,     1.0,    189,     7.8,     1.3,    188
  136,     0.9,    193,     7.8,     1.3,    129
  137,     0.6,    218,     6.2,     4.4,    141
  138,     0.2,    307,     4.9,     4.8,    215
  139,     0.3,    291,     5.4,     3.7,    209
  140,     0.8,    184,     8.2,     3.7,    222
  141,     1.0,    181,     8.1,     2.1,    229
  142,     1.1,    185,     8.2,     1.1,    301
  143,     1.0,    187,     8.2,     1.6,    265
  144,     0.9,    193,     8.0,     4.8,    179
  145,     0.8,    200,     8.0,     8.5,    156
  146,     0.7,    196,     5.9,     9.9,    158
  147,     0.9,    159,     7.9,     2.9,    236
  148,     1.2,    176,     7.8,     2.5,    250
  149,     1.2,    182,     7.9,     3.1,    257
  150,     1.2,    185,     7.9,     4.8,    231
  151,     1.1,    191,     7.9,     7.5,    201
  152,     1.0,    197,     7.9,     9.0,    168
  153,     0.7,    209,     7.9,     9.8,    158
  154,     0.2,    229,     6.4,     7.7,    162
  155,     0.8,    163,     7.7,     4.4,    250
  156,     0.9,    167,     7.7,     3.1,    231
  157,     1.1,    171,     7.7,     2.9,    240
  158,     1.2,    178,     7.7,     4.0,    247
  159,     1.3,    183,     7.8,     5.6,    242
  160,     1.3,    190,     7.8,     6.8,    236
  161,     1.3,    196,     7.8,     8.6,    209
  162,     1.2,    200,     7.9,     9.1,    186
  163,     0.8,    208,     7.8,     8.0,    161
  164,     0.3,    226,     6.8,     6.6,    161
  165,     0.9,    160,     7.6,     3.7,    227
  166,     1.1,    168,     7.6,     3.6,    235
  167,     1.2,    174,     7.7,     3.6,    247
  168,     1.3,    181,     7.7,     5.0,    260
  169,     1.4,    187,     7.7,     6.1,    251
  170,     1.4,    193,     7.7,     7.2,    223
  171,     1.4,    199,     7.8,     8.8,    209
  172,     1.3,    204,     7.8,     9.0,    195
  173,     0.9,    210,     7.7,     7.9,    183
  174,     0.4,    231,     7.1,     6.8,    165
  175,     0.9,    161,     7.3,     3.6,    244
  176,     1.1,    169,     7.5,     3.4,    251
  177,     1.3,    177,     7.6,     4.0,    241
  178,     1.4,    185,     7.6,     5.4,    235
  179,     1.4,    190,     7.6,     6.7,    231
  180,     1.4,    194,     7.7,     7.5,    223
  181,     1.4,    200,     7.7,     8.0,    209
  182,     1.3,    207,     7.7,     8.1,    202
  183,     0.9,    217,     7.7,     7.3,    191
  184,     0.4,    251,     5.7,     5.4,    186
  185,     0.9,    165,     7.1,     5.3,    251
  186,     1.1,    170,     7.3,     4.9,    235
  187,     1.3,    179,     7.4,     5.5,    234
  188,     1.4,    187,     7.5,     6.3,    232
  189,     1.4,    190,     7.6,     6.8,    229
  190,     1.4,    194,     7.6,     7.1,    219
  191,     1.4,    199,     7.7,     6.9,    210
  192,     1.1,    207,     7.7,     6.4,    206
  193,     0.8,    219,     7.6,     5.7,    183
  194,     0.2,    271,     5.1,     4.3,    186
  195,     0.9,    167,     7.0,     4.5,    243
  196,     1.0,    167,     7.1,     4.7,    228
  197,     1.2,    175,     7.3,     5.5,    229
  198,     1.3,    183,     7.5,     6.1,    234
  199,     1.3,    187,     7.5,     6.1,    220
  200,     1.4,    190,     7.6,     6.0,    210
  201,     1.3,    193,     7.6,     5.2,    208
  202,     1.0,    200,     7.6,     4.0,    199
  203,     0.7,    204,     7.6,     3.3,    159
  204,     0.0,    252,     5.4,     2.5,    170
  205,     1.0,    166,     7.2,     4.6,    215
  206,     1.1,    172,     7.3,     5.1,    212
  207,     1.2,    177,     7.3,     5.0,    206
  208,     1.2,    181,     7.4,     4.4,    198
  209,     1.2,    186,     7.5,     3.6,    194
  210,     1.1,    189,     7.5,     2.8,    173
  211,     1.1,    197,     7.6,     2.4,    148
  212,     0.7,    203,     7.6,     1.6,    131
  213,     0.4,    181,     6.7,     0.6,    166
  214,     0.6,    180,     7.0,     1.9,    249
  215,     0.9,    157,     7.0,     3.9,    197
  216,     1.0,    164,     7.1,     3.9,    195
  217,     1.1,    171,     7.1,     3.7,    191
  218,     1.2,    176,     7.2,     3.2,    180
  219,     1.2,    181,     7.2,     2.7,    159
  220,     1.3,    186,     7.3,     2.8,    135
  221,     1.3,    195,     7.4,     2.2,    141
  222,     0.9,    216,     7.4,     1.2,    177
  223,     0.5,    215,     6.0,     0.5,    158
  224,     1.2,    190,     7.3,     1.2,    221
  225,     0.8,    152,     6.9,     2.7,    191
  226,     1.0,    161,     6.9,     3.0,    172
  227,     1.1,    169,     7.0,     3.0,    160
  228,     1.2,    175,     7.0,     2.3,    148
  229,     1.2,    181,     7.0,     2.1,    116
  230,     1.3,    186,     7.1,     2.2,    105
  231,     1.3,    192,     7.2,     2.4,    129
  232,     1.3,    202,     7.3,     2.1,    147
  233,     1.4,    197,     7.4,     2.7,    200
  234,     1.5,    204,     7.5,     3.6,    210
  235,     0.8,    149,     6.6,     2.0,    156
  236,     1.0,    160,     6.7,     2.4,    151
  237,     1.1,    169,     6.8,     2.3,    134
  238,     1.2,    176,     6.9,     2.0,    127
  239,     1.2,    182,     6.9,     2.0,    130
  240,     1.3,    188,     6.9,     2.2,    134
  241,     1.3,    194,     7.0,     2.2,    146
  242,     1.4,    199,     7.1,     2.6,    156
  243,     1.5,    205,     7.2,     3.2,    169
  244,     1.6,    210,     7.4,     3.5,    177
  245,     0.8,    146,     6.5,     2.4,    133
  246,     1.0,    159,     6.5,     2.2,    124
  247,     1.1,    169,     6.6,     2.1,    126
  248,     1.2,    177,     6.7,     2.0,    125
  249,     1.2,    184,     6.8,     2.0,    133
  250,     1.3,    190,     6.9,     2.0,    154
  251,     1.3,    197,     6.9,     3.1,    178
  252,     1.4,    203,     7.0,     4.1,    183
  253,     1.5,    209,     7.0,     4.4,    197
  254,     1.6,    215,     7.1,     5.0,    213
  258,     1.0,     76,     8.6,     1.8,     41
  259,     1.0,     74,     8.6,     1.9,     37
  260,     1.0,     73,     8.6,     2.4,     33
  261,     1.0,     73,     8.6,     2.4,     16
  262,     1.0,     73,     8.6,     2.6,      3
  263,     1.0,     73,     8.6,     3.0,      9
  264,     1.0,     77,     8.6,     2.4,     37
  265,     1.0,     76,     8.6,     2.9,     36
  266,     1.0,     75,     8.6,     3.2,     31
  267,     1.0,     74,     8.7,     3.2,     26
  268,     1.0,     74,     8.7,     3.1,     27
  269,     1.0,     74,     8.7,     2.5,     26
  270,     0.9,     78,     8.6,     3.0,     41
  271,     0.9,     78,     8.6,     3.5,     38
  272,     0.9,     77,     8.6,     3.8,     36
  273,     0.9,     76,     8.7,     3.1,     42
  274,     0.9,     76,     8.7,     2.5,     34
  275,     0.9,     75,     8.7,     2.2,     28
  276,     0.9,     80,     8.6,     3.5,     48
  277,     0.9,     79,     8.6,     3.7,     42
  278,     0.9,     78,     8.6,     2.7,     46
  279,     0.9,     78,     8.7,     2.2,     37
  280,     0.9,     77,     8.7,     2.2,     33
  281,     0.9,     77,     8.7,     2.6,     36
  282,     0.9,     83,     8.6,     3.7,     54
  283,     0.9,     81,     8.6,     3.2,     53
  284,     0.9,     80,     8.6,     2.9,     48
  285,     0.9,     79,     8.6,     2.7,     38
  286,     0.9,     79,     8.6,     3.0,     35
  287,     0.9,     79,     8.7,     2.6,     47
  288,     0.9,     86,     8.6,     3.9,     58
  289,     0.9,     85,     8.6,     3.8,     58
  290,     0.9,     84,     8.6,     3.5,     55
  291,     0.9,     84,     8.6,     3.3,     48
  292,     0.9,     84,     8.6,     3.0,     47
  293,     0.9,     83,     8.6,     3.0,     51
  294,     1.0,     89,     8.6,     4.3,     61
  295,     1.0,     89,     8.6,     4.3,     61
  296,     1.0,     89,     8.6,     4.0,     56
  297,     1.0,     88,     8.6,     3.5,     53
  298,     1.0,     88,     8.6,     3.4,     53
  299,     1.0,     87,     8.6,     3.6,     58
  302,     1.1,    155,     7.8,     5.8,    136
  303,     1.1,    156,     7.9,     4.5,    121
  304,     1.3,    132,     7.8,     3.7,    112
  305,     1.4,    115,     7.8,     2.8,    105
  306,     1.4,    121,     7.4,     5.2,    141
  307,     1.5,    115,     7.5,     4.1,    130
  308,     1.5,    103,     7.6,     4.0,    106
  309,     1.6,     97,     7.7,     3.6,     93
  310,     1.4,    109,     7.3,     4.5,    130
  311,     1.5,    104,     7.2,     4.4,    124
  312,     1.5,     96,     7.4,     3.7,    113
  313,     1.6,     89,     7.6,     3.6,     93
  314,     1.4,    101,     7.2,     3.2,    147
  315,     1.4,     98,     7.1,     2.5,    131
  316,     1.5,     94,     7.2,     2.9,    109
  317,     1.6,     86,     7.5,     2.9,    100
  318,     1.4,     93,     7.2,     2.3,    142
  319,     1.4,     92,     7.1,     2.2,    104
  320,     1.4,     93,     7.1,     2.2,     78
  321,     1.5,     86,     7.3,     2.8,     59
  322,     1.3,     88,     7.2,     2.1,    191
  323,     1.4,     91,     7.2,     0.6,    188
  324,     1.4,     94,     7.2,     0.6,     40
  325,     1.4,     85,     7.2,     1.2,     44
  326,     1.3,     85,     7.1,     1.7,    186
  327,     1.3,     96,     7.2,     0.5,    136
  328,     1.4,     97,     7.2,     1.4,     87
  329,     1.4,    102,     7.3,     2.2,     98
  330,     1.3,     81,     7.1,     0.4,    179
  331,     1.3,     99,     7.1,     1.6,    116
  332,     1.3,    146,     7.1,     3.6,     81
  333,     1.3,    217,     7.2,     4.8,     63
  334,     1.3,     78,     7.1,     2.3,    290
  335,     1.3,    135,     7.1,     1.4,    274
  336,     1.3,    205,     7.1,     0.6,    298
  337,     1.4,    218,     7.0,     3.2,    250
  338,     1.3,    142,     7.2,     2.8,    300
  339,     1.3,    208,     7.2,     3.0,    285
  340,     1.4,    222,     7.1,     3.4,    268
  341,     1.4,    228,     7.0,     4.4,    249
  342,     1.4,    212,     7.4,     2.7,    324
  343,     1.4,    227,     7.3,     2.8,    300
  344,     1.4,    236,     7.3,     3.6,    252
  345,     1.4,    239,     7.1,     6.7,    215
  346,     1.5,    225,     7.4,     2.3,    308
  347,     1.5,    235,     7.5,     4.2,    243
  348,     1.4,    241,     7.4,     7.0,    216
  349,     1.4,    245,     7.5,     8.5,    204
  350,     1.7,    229,     7.3,     6.3,    231
  351,     1.7,    235,     7.2,     8.1,    221
  352,     1.6,    243,     7.3,     8.1,    216
  353,     1.2,    257,     7.6,     7.9,    217
  354,     2.0,    232,     7.1,    10.0,    225
  355,     2.0,    240,     7.0,     9.5,    218
  356,     1.2,    250,     6.7,     7.3,    217
  357,     0.8,    271,     7.9,     4.8,    217
  358,     1.9,    240,     6.9,    10.4,    227
  359,     1.6,    254,     7.0,     8.5,    221
  360,     0.9,    273,     7.1,     5.4,    216
  361,     0.6,    296,     7.7,     3.0,    203
  362,     1.8,    241,     7.0,     9.5,    226
  363,     1.4,    256,     7.0,     7.9,    231
  365,     1.5,    248,     7.4,     8.3,    222
  366,     1.2,    257,     7.5,     7.0,    226
  367,     1.3,    253,     6.4,     7.7,    229
  368,     1.7,    232,     8.0,     6.0,    231
  369,     1.1,    244,     6.8,     6.5,    222
  370,     0.7,    251,     5.0,     5.7,    227
  371,     1.7,    232,     7.7,     3.9,    217
  372,     1.0,    223,     6.5,     4.8,    217
  374,     1.7,    221,     7.5,     3.6,    209
  375,     1.4,    231,     7.3,     3.8,    222
  376,     1.4,    214,     7.0,     3.7,    217
  377,     1.5,    227,     7.6,     3.9,    202
  378,     1.7,    220,     7.3,     5.6,    221
  379,     1.8,    226,     7.4,     6.0,    223
  380,     1.8,    227,     7.4,     6.1,    224
  381,     1.8,    231,     7.5,     5.5,    221
  382,     1.7,    237,     7.7,     4.9,    205
  384,     0.0,    245,     3.1,     2.4,    182
  385,     0.0,    139,     5.7,     2.4,    183
  386,     0.0,    157,     3.7,     3.0,    210
  387,     0.2,    204,     4.9,     2.7,    226
  388,     0.1,    138,     8.7,     1.1,    309
  389,     0.6,    185,     7.2,     2.7,    287
  390,     1.1,    207,     6.5,     5.4,    263
  391,     0.0,    184,     3.2,     3.5,    210
  392,     0.0,    220,     3.1,     1.5,    173
  393,     0.0,    346,     3.5,     2.2,    151
  394,     0.1,    306,     3.2,     2.2,    178
  395,     0.0,    130,     7.8,     1.7,    166
  396,     0.3,    164,     5.4,     0.9,    246
  397,     0.3,    202,     5.6,     2.7,    205
  398,     0.7,    159,     8.9,     1.0,    214
  399,     0.9,    187,     6.4,     2.2,    250
  400,     1.1,    205,     6.3,     3.4,    248
  401,     0.8,    165,     6.0,     3.9,    221
  402,     0.9,    160,     7.1,     4.1,    216
  403,     0.6,    158,     6.4,     3.4,    226
  404,     0.8,    153,     6.9,     3.6,    195
  405,     0.5,    133,     6.5,     3.0,    196
  406,     0.7,    141,     6.7,     2.8,    183
  407,     0.6,    134,     6.5,     1.5,    164
  408,     0.5,    126,     6.4,     2.5,    139
  409,     1.3,    218,     6.4,     5.0,    253
  410,     0.1,    149,     3.0,     1.9,    213
  411,     0.0,    111,     3.5,     3.4,    237
  412,     0.2,    139,     3.4,     2.7,    196
  413,     0.1,    185,     4.7,     3.7,    183
  414,     0.0,    222,     3.7,     1.5,    189
  415,     1.0,    191,     5.6,     3.9,    226
  416,     1.1,    211,     5.7,     3.8,    238
  417,     0.9,    186,     7.4,     5.5,    236
  418,     1.3,    214,     6.0,     7.0,    249
  419,     1.5,    227,     6.1,     6.9,    256
  420,     1.6,    235,     6.3,     8.0,    263
  421,     0.4,    177,     5.1,     3.4,    144
  422,     1.0,    180,     5.4,     3.3,    227
  423,     1.1,    192,     6.0,     6.3,    233
  424,     1.2,    203,     5.7,     7.2,    236
  425,     1.3,    212,     5.8,     7.4,    243
  426,     1.2,    214,     5.9,     7.2,    247
  427,     1.3,    219,     6.0,     8.2,    249
  428,     1.4,    228,     6.1,     8.5,    255
  429,     1.5,    235,     6.1,     8.8,    259
  430,     1.6,    243,     6.1,     9.1,    259
  432,     1.0,    173,     5.7,     5.3,    217
  433,     1.0,    183,     5.1,     4.7,    224
  434,     1.1,    176,     5.9,     5.0,    223
  435,     1.1,    192,     5.3,     5.7,    229
  436,     1.2,    202,     5.5,     6.5,    241
  437,     1.2,    208,     5.7,     6.6,    246
  438,     1.2,    212,     5.8,     6.7,    246
  439,     1.3,    218,     5.8,     7.0,    249
  440,     1.3,    225,     6.0,     8.0,    253
  441,     1.4,    233,     6.1,     8.6,    255
  442,     1.5,    239,     6.1,     8.8,    255
  443,     1.6,    246,     6.1,     8.7,    252
  444,     0.8,    131,     8.9,     6.9,    215
  445,     1.0,    158,     8.9,     7.9,    224
  446,     1.1,    178,     8.6,     7.5,    228
  447,     1.1,    188,     8.7,     6.9,    235
  448,     1.1,    197,     8.7,     6.5,    243
  449,     1.2,    205,     8.0,     6.3,    248
  450,     1.2,    211,     7.8,     6.1,    250
  451,     1.2,    218,     7.7,     6.3,    252
  452,     1.3,    223,     8.1,     6.9,    252
  453,     1.3,    229,     8.1,     7.3,    251
  454,     1.3,    236,     7.7,     7.8,    251
  455,     1.4,    242,     7.7,     7.9,    249
  456,     1.4,    248,     7.3,     7.9,    251
  457,     0.4,    115,     6.2,     2.3,    129
  458,     0.8,    142,     6.3,     2.3,    152
  459,     1.0,    160,     6.4,     2.3,    189
  460,     1.1,    171,     6.4,     2.7,    193
  461,     1.2,    179,     6.5,     3.2,    189
  462,     1.2,    186,     6.6,     3.7,    191
  463,     1.3,    193,     6.8,     4.2,    190
  464,     1.4,    200,     6.8,     4.8,    199
  465,     1.5,    206,     6.9,     5.5,    208
  466,     1.5,    213,     7.0,     6.1,    212
  467,     1.6,    218,     7.0,     6.7,    214
  468,     1.7,    223,     7.1,     6.9,    217
  469,     1.7,    227,     7.3,     6.6,    220
  470,     1.7,    230,     7.5,     6.2,    220
  471,     1.7,    234,     7.6,     5.5,    215
  472,     1.4,    237,     7.6,     4.2,    200
  474,     0.8,    120,     8.9,     5.5,    235
  475,     0.9,    151,     8.8,     7.2,    245
  476,     1.0,    169,     8.7,     6.9,    247
  477,     1.0,    179,     8.7,     6.7,    247
  478,     1.1,    189,     8.7,     6.3,    249
  479,     1.1,    199,     8.7,     6.0,    248
  480,     1.2,    208,     8.7,     6.0,    248
  481,     1.2,    215,     8.6,     6.0,    248
  482,     1.2,    220,     8.6,     6.1,    248
  483,     1.2,    226,     8.5,     6.2,    248
  484,     1.2,    233,     8.5,     6.6,    249
  485,     1.3,    243,     8.5,     6.9,    252
  486,     1.3,    252,     8.4,     6.9,    253
  487,     0.3,    100,     8.2,     2.5,    165
  488,     0.7,    132,     6.4,     4.1,    195
  489,     1.1,    164,     6.3,     5.4,    206
  490,     1.2,    176,     6.3,     5.3,    207
  491,     1.3,    184,     6.4,     4.4,    201
  492,     1.3,    190,     6.5,     4.8,    190
  493,     1.3,    196,     6.6,     5.1,    193
  494,     1.4,    203,     6.7,     5.6,    202
  495,     1.5,    209,     6.8,     6.4,    210
  496,     1.5,    214,     6.9,     6.2,    213
  497,     1.6,    218,     6.9,     6.2,    212
  498,     1.6,    223,     7.0,     6.2,    216
  499,     1.6,    227,     7.2,     5.9,    218
  500,     1.6,    232,     7.4,     5.5,    217
  501,     1.5,    237,     7.6,     5.2,    213
  502,     1.3,    241,     7.7,     4.1,    211
  503,     1.2,    245,     7.8,     3.7,    223
  504,     0.6,    221,     7.3,     3.1,    245
  505,     0.8,    131,     8.8,     3.9,    245
  506,     0.9,    136,     8.7,     5.6,    254
  507,     1.0,    150,     8.7,     5.7,    258
  508,     1.0,    158,     8.7,     5.9,    260
  509,     1.0,    163,     8.7,     6.2,    261
  510,     1.0,    169,     8.7,     5.8,    258
  511,     1.1,    176,     8.6,     5.4,    254
  512,     1.1,    181,     8.6,     5.0,    251
  513,     1.1,    189,     8.6,     4.9,    250
  514,     1.1,    197,     8.6,     5.0,    252
  515,     1.2,    204,     8.5,     4.9,    254
  516,     1.2,    208,     8.5,     5.1,    257
  517,     1.2,    223,     8.5,     5.3,    259
  518,     1.2,    261,     8.5,     5.5,    260
  519,     0.1,     77,     6.0,     4.4,    197
  520,     0.7,    146,     6.2,     6.1,    195
  521,     1.2,    170,     6.1,     6.4,    197
  522,     1.3,    182,     6.2,     6.4,    200
  523,     1.3,    189,     6.3,     5.9,    193
  524,     1.4,    194,     6.4,     5.4,    193
  525,     1.4,    199,     6.4,     5.5,    201
  526,     1.4,    205,     6.6,     5.7,    206
  527,     1.5,    210,     6.7,     5.9,    211
  528,     1.5,    215,     6.8,     5.9,    208
  529,     1.5,    220,     6.9,     5.8,    210
  530,     1.5,    225,     7.0,     5.6,    214
  531,     1.5,    230,     7.1,     5.5,    219
  532,     1.5,    235,     7.3,     5.2,    218
  533,     1.4,    240,     7.5,     4.9,    212
  534,     1.3,    244,     7.6,     4.7,    216
  535,     1.1,    249,     7.7,     4.3,    222
  536,     0.8,    253,     8.0,     3.4,    249
  537,     0.8,    119,     8.8,     2.8,    254
  538,     0.9,    126,     8.8,     4.4,    259
  539,     0.9,    139,     8.7,     5.4,    267
  540,     1.0,    147,     8.7,     5.7,    268
  541,     1.0,    151,     8.6,     5.3,    263
  542,     1.0,    151,     8.6,     4.8,    259
  543,     1.0,    152,     8.6,     4.2,    258
  544,     1.1,    156,     8.6,     4.1,    257
  545,     1.1,    158,     8.5,     4.0,    254
  546,     1.1,    152,     8.5,     3.8,    258
  547,     1.1,    145,     8.5,     3.7,    262
  548,     1.1,    126,     8.5,     3.7,    266
  549,     1.1,    100,     8.5,     3.9,    271
  550,     1.2,     61,     8.5,     4.4,    279
  551,     0.3,    156,     5.2,     6.8,    191
  552,     0.9,    164,     5.6,     6.5,    193
  553,     1.3,    177,     5.9,     6.6,    194
  554,     1.4,    187,     6.0,     7.0,    197
  555,     1.4,    192,     6.1,     6.4,    200
  556,     1.4,    196,     6.2,     6.1,    206
  557,     1.4,    201,     6.3,     5.6,    207
  558,     1.5,    206,     6.4,     5.5,    205
  559,     1.5,    212,     6.5,     6.0,    202
  560,     1.5,    218,     6.6,     5.7,    207
  561,     1.4,    224,     6.8,     5.2,    214
  562,     1.4,    229,     6.9,     4.7,    219
  563,     1.4,    233,     7.0,     4.6,    221
  564,     1.3,    238,     7.2,     4.7,    214
  565,     1.3,    243,     7.3,     4.2,    210
  566,     1.2,    246,     7.7,     3.8,    216
  567,     1.1,    234,     8.2,     2.8,    233
  568,     0.9,    177,     8.8,     3.0,    251
  569,     1.0,    154,     8.8,     4.2,    256
  570,     1.0,    162,     8.6,     4.4,    263
  571,     1.0,    167,     8.5,     4.8,    269
  572,     1.0,    167,     8.5,     4.6,    269
  573,     1.0,    164,     8.5,     4.3,    269
  574,     1.0,    159,     8.5,     3.8,    266
  575,     1.1,    150,     8.5,     3.4,    254
  576,     1.1,    137,     8.5,     3.1,    246
  577,     1.1,    124,     8.5,     3.0,    247
  578,     1.1,    111,     8.5,     2.9,    259
  579,     1.1,     94,     8.5,     2.9,    273
  580,     1.1,     84,     8.5,     3.0,    285
  581,     1.1,     77,     8.5,     3.5,    291
  582,     1.1,     69,     8.5,     3.7,    295
  583,     1.1,     94,     8.5,     1.9,    254
  584,     1.1,     83,     8.5,     2.2,    270
  585,     1.1,     77,     8.5,     2.3,    283
  586,     1.1,     73,     8.5,     2.5,    296
  587,     1.1,     71,     8.5,     2.7,    295
  588,     1.1,     70,     8.5,     2.8,    284
  589,     1.1,     73,     8.5,     1.1,    290
  590,     1.1,     72,     8.5,     1.2,    303
  591,     1.1,     71,     8.6,     1.5,    312
  592,     1.1,     70,     8.6,     1.6,    310
  593,     1.1,     70,     8.6,     1.3,    311
  594,     1.1,     70,     8.6,     1.7,    327
  595,     1.0,     72,     8.5,     0.7,     27
  596,     1.0,     71,     8.6,     1.0,     13
  597,     1.0,     71,     8.6,     1.3,     12
  598,     1.0,     71,     8.6,     1.8,      6
  599,     1.0,     71,     8.6,     2.3,      3
  600,     1.0,     71,     8.6,     2.5,    346
  601,     0.0,     92,     7.8,     2.4,    140
  602,     0.0,     93,     9.2,     2.8,    185
  603,     0.0,     76,     9.4,     1.4,    174
  604,     0.0,     64,     6.9,     4.4,    191
  605,     0.7,    170,     4.2,     7.0,    195
  606,     1.1,    169,     5.7,     6.5,    192
  607,     1.3,    180,     5.7,     6.7,    198
  608,     1.3,    187,     5.8,     6.5,    204
  609,     1.4,    192,     5.9,     6.2,    206
  610,     1.4,    197,     6.1,     6.3,    206
  615,     0.9,    161,     5.2,     6.1,    197
  616,     1.1,    170,     5.5,     5.9,    201
  617,     1.2,    180,     5.6,     6.1,    205
  618,     1.3,    184,     5.7,     6.2,    202
  619,     1.4,    190,     5.8,     6.4,    200
  620,     1.4,    197,     5.9,     6.2,    198
  624,     0.6,    167,     4.5,     4.9,    196
  625,     1.0,    158,     5.3,     5.0,    198
  626,     1.2,    170,     5.3,     6.2,    199
  627,     1.2,    176,     5.4,     6.5,    195
  628,     1.3,    182,     5.5,     6.5,    193
  629,     1.3,    190,     5.7,     6.2,    194
  630,     1.3,    198,     5.8,     5.3,    197
  633,     0.4,    167,     4.1,     4.2,    196
  634,     0.9,    150,     5.4,     4.8,    194
  635,     1.1,    162,     5.2,     6.1,    188
  636,     1.2,    169,     5.2,     6.3,    187
  637,     1.2,    174,     5.3,     6.3,    188
  638,     1.2,    181,     5.3,     6.0,    188
  639,     1.2,    190,     5.5,     5.3,    193
  640,     1.1,    199,     5.7,     4.9,    192
  642,     0.3,    153,     4.4,     4.2,    192
  643,     0.6,    135,     5.8,     4.4,    186
  644,     1.0,    147,     5.2,     5.2,    181
  645,     1.1,    161,     5.0,     6.6,    181
  646,     1.1,    167,     5.0,     6.2,    181
  647,     1.1,    172,     5.1,     5.9,    183
  648,     1.1,    179,     5.1,     5.4,    186
  649,     1.1,    188,     5.3,     5.0,    186
  650,     1.0,    199,     5.8,     4.7,    187
  651,     0.3,    120,     8.5,     3.4,    180
  652,     0.6,    122,     5.8,     3.8,    186
  653,     0.8,    127,     5.2,     4.0,    176
  654,     1.0,    145,     5.0,     4.6,    180
  655,     1.1,    161,     4.8,     7.0,    176
  656,     1.1,    164,     4.8,     6.1,    178
  657,     1.0,    166,     4.9,     5.5,    180
  658,     1.0,    173,     6.9,     5.1,    180
  659,     0.9,    182,     8.3,     5.0,    180
  660,     0.9,    193,     9.4,     4.7,    180
  661,     0.5,    125,     8.5,     3.4,    181
  662,     0.7,    116,     8.1,     4.0,    180
  663,     0.8,    119,     8.5,     3.5,    176
  664,     1.0,    137,     5.5,     3.7,    190
  665,     1.0,    152,     5.4,     6.5,    180
  666,     1.0,    150,     7.7,     6.3,    177
  667,     0.9,    152,     9.1,     5.6,    176
  668,     0.9,    158,     9.4,     5.3,    173
  669,     0.8,    165,     9.4,     5.0,    174
  670,     0.8,    179,     9.3,     4.8,    172
  671,     0.6,    114,     9.3,     4.6,    184
  672,     0.7,    105,     9.3,     4.0,    179
  673,     0.7,    109,     9.4,     3.5,    182
  674,     0.8,    125,     9.3,     3.5,    180
  675,     0.9,    137,     9.4,     5.7,    177
  676,     0.8,    133,     9.3,     5.2,    174
  677,     0.8,    139,     9.3,     4.7,    172
  678,     0.8,    139,     9.3,     4.9,    168
  679,     0.8,    145,     9.2,     5.0,    164
  680,     0.8,    154,     9.2,     4.3,    164
  681,     0.5,     92,     9.2,     2.9,    177
  682,     0.6,     96,     9.3,     3.6,    181
  683,     0.6,     98,     9.3,     3.3,    159
  684,     0.7,    112,     9.3,     4.0,    145
  685,     0.7,    117,     9.3,     4.3,    165
  686,     0.7,    121,     9.3,     3.7,    166
  687,     0.7,    128,     9.2,     4.2,    164
  688,     0.8,    124,     9.2,     4.9,    159
  689,     0.8,    126,     9.2,     4.8,    156
  690,     0.9,    129,     9.2,     4.5,    155
  691,     0.4,    121,     9.5,     3.2,    183
  692,     0.3,    124,     9.3,     2.3,    163
  693,     0.3,    105,     8.6,     2.2,    103
  694,     0.6,     95,     9.2,     3.8,    140
  695,     0.6,    107,     9.2,     3.9,    161
  696,     0.6,    106,     9.3,     3.5,    161
  697,     0.7,    112,     9.3,     4.7,    156
  698,     0.8,    108,     9.3,     5.0,    153
  699,     0.8,    110,     9.3,     4.9,    149
  700,     0.8,    109,     9.3,     4.7,    141
  701,     1.4,    203,     6.2,     6.1,    201
  702,     1.4,    209,     6.3,     5.9,    200
  703,     1.4,    216,     6.4,     5.2,    207
  704,     1.4,    223,     6.6,     4.5,    214
  705,     1.3,    228,     6.8,     4.1,    220
  706,     1.3,    233,     6.9,     4.0,    220
  707,     1.3,    237,     7.0,     3.5,    216
  708,     1.2,    240,     7.1,     3.4,    206
  709,     1.2,    245,     7.3,     2.9,    208
  710,     1.1,    229,     8.2,     2.2,    217
  711,     1.4,    204,     6.1,     5.6,    198
  712,     1.3,    212,     6.2,     4.9,    204
  713,     1.3,    220,     6.3,     4.3,    210
  714,     1.2,    227,     6.6,     3.7,    214
  715,     1.2,    232,     6.7,     3.4,    215
  716,     1.2,    237,     6.9,     3.0,    211
  717,     1.2,    240,     7.1,     2.6,    203
  718,     1.2,    243,     7.3,     2.2,    202
  719,     1.1,    237,     8.2,     1.5,    209
  720,     1.1,    211,     8.8,     1.0,    235
  721,     1.2,    207,     5.9,     4.7,    197
  722,     1.2,    216,     6.1,     4.2,    201
  723,     1.2,    224,     6.3,     3.6,    207
  724,     1.1,    230,     6.6,     3.3,    207
  725,     1.1,    236,     6.8,     2.9,    203
  726,     1.1,    240,     6.9,     2.6,    201
  727,     1.1,    246,     7.3,     2.2,    194
  728,     1.0,    253,     8.4,     1.7,    201
  729,     1.0,    251,     8.6,     0.9,    213
  730,     1.0,    195,     8.7,     1.0,    212
  731,     1.1,    210,     5.8,     4.5,    194
  732,     1.0,    219,     6.1,     3.9,    199
  733,     1.0,    226,     6.3,     3.5,    200
  734,     1.0,    233,     6.5,     3.3,    196
  735,     1.0,    239,     6.7,     2.9,    191
  736,     1.0,    246,     6.9,     2.4,    189
  737,     0.9,    252,     7.3,     1.9,    189
  738,     0.9,    257,     6.8,     1.6,    189
  739,     0.7,    248,     7.4,     1.0,    185
  740,     0.7,     96,     9.0,     0.9,    189
  741,     1.0,    212,     5.7,     4.4,    189
  742,     0.9,    223,     6.0,     3.9,    193
  743,     0.9,    231,     6.2,     3.6,    190
  744,     0.9,    238,     6.4,     3.4,    183
  745,     0.9,    244,     6.7,     2.8,    180
  746,     0.9,    248,     6.9,     2.0,    184
  747,     0.8,    252,     7.3,     1.7,    185
  748,     0.8,    229,     7.9,     1.6,    183
  749,     0.9,     92,     9.0,     2.3,    167
  750,     0.9,     91,     9.0,     2.6,    158
  751,     0.8,    210,     8.5,     4.3,    181
  752,     0.8,    228,     5.8,     3.8,    182
  753,     0.8,    240,     6.1,     3.2,    180
  754,     0.8,    246,     6.3,     2.9,    179
  755,     0.8,    255,     6.6,     2.4,    175
  756,     0.8,    257,     7.0,     1.9,    172
  757,     0.8,    163,     8.4,     2.6,    164
  758,     0.9,     88,     9.0,     3.3,    154
  759,     0.9,     87,     9.1,     3.6,    145
  760,     0.9,     87,     9.0,     3.6,    137
  761,     0.8,    196,     9.3,     4.2,    171
  762,     0.8,    217,     7.6,     3.2,    174
  763,     0.7,    242,     5.9,     2.9,    167
  764,     0.6,    259,     6.2,     3.3,    160
  765,     0.6,    268,     6.6,     3.4,    156
  766,     0.5,    274,     7.1,     3.0,    147
  767,     0.7,     78,     8.7,     3.7,    141
  768,     0.8,     87,     9.1,     4.3,    135
  769,     0.9,     87,     9.1,     4.4,    127
  770,     0.9,     86,     9.0,     4.5,    119
  771,     0.8,    163,     9.2,     3.9,    162
  772,     0.8,    173,     9.1,     3.9,    158
  773,     0.7,    188,     8.2,     4.2,    147
  774,     0.6,    207,     7.4,     4.2,    139
  775,     0.5,    222,     7.6,     4.0,    134
  776,     0.5,    134,     8.4,     4.4,    125
  777,     0.8,     89,     9.2,     4.7,    120
  778,     0.9,     88,     9.1,     4.8,    113
  779,     0.9,     87,     9.1,     5.0,    106
  780,     0.9,     86,     9.0,     4.9,    100
  781,     0.8,    123,     9.2,     4.4,    148
  782,     0.8,    111,     9.2,     4.0,    141
  783,     0.8,    105,     9.2,     4.2,    134
  784,     0.8,    100,     9.2,     4.7,    123
  785,     0.9,     93,     9.2,     5.2,    115
  786,     0.9,     88,     9.2,     5.3,    107
  787,     0.9,     88,     9.1,     5.2,    100
  788,     0.9,     88,     9.1,     5.3,     95
  789,     0.9,     88,     9.1,     5.3,     89
  790,     0.9,     88,     9.0,     5.4,     88
  791,     0.8,     93,     9.2,     4.1,    134
  792,     0.9,     93,     9.3,     4.0,    126
  793,     0.9,     92,     9.2,     4.7,    116
  794,     0.9,     89,     9.2,     5.5,    106
  795,     0.9,     88,     9.2,     5.7,     99
  796,     0.9,     88,     9.2,     5.8,     95
  797,     0.9,     89,     9.1,     5.6,     92
  798,     0.9,     89,     9.1,     5.6,     88
  799,     0.9,     90,     9.1,     5.6,     84
  800,     0.9,     90,     9.0,     5.5,     83
  801,     1.0,    174,     8.8,     2.2,    243
  802,     1.1,    193,     8.8,     2.6,    253
  803,     1.1,    201,     8.6,     2.9,    262
  804,     1.1,    201,     8.5,     3.3,    270
  805,     1.1,    199,     8.5,     3.7,    274
  806,     1.1,    193,     8.5,     3.8,    276
  807,     1.1,    181,     8.5,     3.5,    269
  808,     1.1,    157,     8.5,     2.8,    251
  809,     1.1,    128,     8.4,     2.2,    236
  810,     1.1,    107,     8.5,     1.8,    239
  811,     1.1,    206,     8.8,     1.2,    245
  812,     1.1,    202,     8.7,     1.5,    249
  813,     1.1,    199,     8.6,     1.9,    253
  814,     1.1,    194,     8.5,     2.2,    257
  815,     1.1,    177,     8.5,     2.6,    263
  816,     1.1,    146,     8.5,     2.7,    257
  817,     1.1,    116,     8.5,     2.2,    247
  818,     1.1,     97,     8.5,     1.6,    236
  819,     1.1,     86,     8.5,     0.9,    230
  820,     1.1,     79,     8.5,     0.9,    269
  821,     1.0,    124,     8.8,     1.2,    216
  822,     1.0,    108,     8.8,     1.5,    214
  823,     1.0,     98,     8.8,     1.6,    209
  824,     1.0,     90,     8.7,     1.3,    225
  825,     1.0,     84,     8.6,     1.3,    230
  826,     1.0,     82,     8.6,     1.1,    239
  827,     1.0,     80,     8.6,     0.8,    223
  828,     1.0,     79,     8.5,     0.7,    198
  829,     1.0,     77,     8.5,     0.2,    217
  830,     1.0,     74,     8.5,     0.5,    346
  831,     0.8,     91,     9.0,     1.2,    183
  832,     0.9,     89,     8.9,     1.3,    172
  833,     0.9,     87,     8.8,     1.1,    149
  834,     0.9,     86,     8.7,     1.0,    143
  835,     0.9,     84,     8.7,     1.1,    136
  836,     0.9,     82,     8.6,     0.9,    127
  837,     1.0,     81,     8.6,     0.9,    109
  838,     1.0,     79,     8.6,     0.5,    104
  839,     1.0,     77,     8.6,     0.6,     59
  840,     1.0,     76,     8.6,     1.1,     49
  841,     0.9,     91,     9.0,     2.4,    147
  842,     0.9,     89,     8.9,     2.2,    135
  843,     0.9,     87,     8.7,     2.5,    121
  844,     0.9,     85,     8.7,     2.2,    113
  845,     0.9,     84,     8.6,     2.0,    103
  846,     0.9,     83,     8.6,     1.8,     93
  847,     0.9,     80,     8.6,     1.6,     85
  848,     1.0,     79,     8.6,     1.5,     76
  849,     1.0,     78,     8.6,     1.5,     65
  850,     1.0,     78,     8.6,     1.8,     45
  851,     0.9,     87,     8.9,     3.5,    129
  852,     0.9,     87,     8.9,     3.5,    120
  853,     0.9,     85,     8.7,     3.3,    111
  854,     0.9,     84,     8.7,     3.0,    102
  855,     0.9,     83,     8.6,     2.7,     90
  856,     0.9,     82,     8.6,     2.7,     82
  857,     0.9,     81,     8.6,     2.5,     82
  858,     0.9,     80,     8.6,     2.2,     78
  859,     0.9,     80,     8.6,     2.1,     60
  860,     0.9,     79,     8.6,     2.5,     49
  861,     0.9,     85,     9.0,     4.2,    112
  862,     0.9,     85,     8.9,     3.8,    105
  863,     0.9,     85,     8.8,     3.6,     97
  864,     0.9,     84,     8.7,     3.5,     90
  865,     0.9,     83,     8.7,     3.5,     85
  866,     0.9,     82,     8.7,     3.6,     81
  867,     0.9,     82,     8.6,     3.6,     77
  868,     0.9,     81,     8.6,     3.2,     71
  869,     0.9,     81,     8.6,     3.3,     63
  870,     0.9,     81,     8.6,     3.3,     52
  871,     0.9,     85,     9.0,     4.5,     97
  872,     0.9,     83,     8.9,     4.3,     95
  873,     0.9,     84,     8.8,     4.3,     89
  874,     0.9,     86,     8.8,     4.3,     85
  875,     0.9,     84,     8.7,     4.4,     78
  876,     0.9,     84,     8.7,     4.4,     70
  877,     0.9,     85,     8.7,     4.4,     67
  878,     0.9,     86,     8.6,     4.5,     65
  879,     0.9,     86,     8.6,     4.1,     60
  880,     0.9,     84,     8.6,     4.1,     59
  881,     0.9,     89,     9.0,     5.3,     87
  882,     0.9,     91,     8.9,     5.1,     81
  883,     0.9,     91,     8.8,     5.0,     76
  884,     0.9,     89,     8.8,     4.9,     71
  885,     0.9,     88,     8.7,     4.9,     69
  886,     1.0,     89,     8.7,     4.8,     69
  887,     1.0,     92,     8.7,     5.1,     68
  888,     1.0,     92,     8.6,     5.3,     68
  889,     1.0,     90,     8.6,     4.7,     64
  890,     1.0,     88,     8.6,     4.3,     61
  891,     1.0,     91,     9.0,     5.6,     78
  892,     1.0,     91,     8.9,     5.7,     70
  893,     1.0,     90,     8.9,     5.5,     66
  894,     1.0,     90,     8.8,     5.6,     68
  895,     1.0,     91,     8.7,     5.4,     70
  896,     1.1,     94,     8.7,     5.5,     72
  897,     1.1,     94,     8.7,     5.9,     72
  898,     1.1,     93,     8.6,     6.0,     68
  899,     1.0,     92,     8.6,     5.3,     64
  900,     1.0,     90,     8.6,     4.7,     60
  901,     0.5,    302,     7.8,     3.1,    181
  902,     0.4,    303,     8.0,     2.8,    175
  903,     0.4,    309,     7.5,     3.9,    181
  904,     0.4,    306,     5.5,     2.7,    171
  905,     0.7,    278,     7.6,     4.0,    199
  906,     0.6,    279,     7.2,     4.3,    185
  907,     0.7,    274,     6.9,     5.4,    180
  908,     0.6,    280,     6.8,     5.4,    180
  909,     0.7,    279,     6.4,     3.4,    188
  910,     1.0,    255,     7.8,     7.1,    216
  911,     1.0,    236,     7.9,     6.2,    197
  912,     0.9,    238,     7.7,     6.9,    191
  913,     0.9,    253,     7.4,     7.6,    191
  914,     0.8,    269,     7.3,     6.0,    199
  915,     0.8,    271,     6.8,     4.1,    206
  916,     1.3,    243,     7.5,     8.1,    205
  917,     1.3,    234,     7.5,     7.4,    199
  918,     1.2,    232,     7.6,     7.8,    196
  919,     1.2,    238,     7.6,     8.3,    196
  920,     1.1,    250,     7.7,     7.6,    204
  921,     0.9,    263,     7.3,     5.6,    209
  922,     0.3,    201,     3.0,     3.7,    226
  923,     0.4,    279,     4.2,     1.4,    108
  924,     1.5,    240,     7.1,     8.0,    207
  925,     1.4,    240,     7.2,     7.9,    203
  926,     1.4,    237,     7.4,     7.7,    203
  927,     1.3,    237,     7.5,     7.4,    204
  928,     1.3,    240,     7.5,     7.2,    206
  929,     1.2,    250,     7.5,     5.9,    209
  930,     1.0,    264,     6.9,     3.8,    213
  931,     0.9,    269,     5.7,     3.0,    173
  932,     1.5,    233,     7.0,     6.6,    224
  933,     1.5,    239,     6.9,     8.1,    216
  934,     1.5,    243,     7.2,     8.2,    210
  935,     1.4,    243,     7.5,     7.7,    211
  936,     1.3,    243,     7.5,     6.9,    211
  937,     1.3,    246,     7.5,     5.9,    210
  938,     1.3,    251,     7.5,     5.2,    207
  939,     1.2,    255,     7.3,     4.2,    193
  940,     1.5,    224,     7.0,     5.5,    233
  941,     1.6,    231,     6.8,     6.8,    223
  942,     1.6,    238,     6.7,     7.3,    214
  943,     1.5,    244,     7.5,     7.3,    209
  944,     1.4,    248,     7.6,     7.2,    207
  945,     1.3,    250,     7.6,     6.8,    205
  946,     1.3,    249,     7.5,     6.0,    203
  947,     1.3,    250,     7.5,     4.9,    202
  948,     1.4,    247,     7.3,     3.0,     67
  949,     1.4,    255,     7.4,     1.7,    108
  950,     1.4,    256,     7.5,     2.0,    149
  951,     1.4,    258,     7.5,     3.2,    172
  952,     1.3,    259,     7.6,     4.4,    178
  953,     1.3,    254,     7.6,     4.3,    187
  954,     1.3,    251,     7.7,     4.4,    185
  955,     1.3,    248,     7.7,     4.5,    184
  956,     1.4,    290,     7.2,     2.6,     91
  957,     1.4,    283,     7.4,     3.3,     82
  958,     1.4,    276,     7.6,     3.4,     77
  959,     1.4,    269,     7.7,     3.1,     76
  960,     1.4,    261,     7.7,     2.0,     80
  961,     1.3,    253,     7.7,     0.7,    124
  962,     1.3,    247,     8.0,     1.7,    212
  963,     1.3,    244,     8.2,     3.6,    217
  964,     1.5,     64,     7.3,     0.9,     76
  965,     1.5,      4,     7.6,     1.3,     95
  966,     1.5,    309,     7.7,     0.9,     97
  967,     1.5,    273,     7.8,     1.2,    102
  968,     1.4,    255,     7.7,     0.5,    148
  969,     1.4,    246,     7.8,     1.1,    260
  970,     1.4,    242,     8.1,     2.3,    263
  971,     1.4,    241,     8.3,     3.4,    262
  972,     1.5,     71,     7.6,     2.6,     42
  973,     1.6,     54,     7.6,     2.5,     36
  974,     1.5,     17,     7.6,     2.3,     35
  975,     1.5,    284,     7.6,     2.2,     36
  976,     1.5,    250,     7.8,     1.6,    354
  977,     1.4,    241,     8.2,     2.2,    310
  978,     1.4,    238,     8.3,     3.3,    288
  979,     1.4,    238,     8.3,     4.1,    275
  980,     1.6,     77,     7.7,     2.2,     90
  981,     1.6,     67,     7.6,     1.7,     79
  982,     1.6,     55,     7.5,     1.0,     56
  983,     1.5,    351,     7.3,     0.6,    331
  984,     1.5,    258,     8.1,     1.8,    284
  985,     1.5,    244,     8.2,     3.3,    275
  986,     1.5,    239,     8.3,     4.6,    271
  987,     1.5,    235,     8.4,     5.3,    263
  988,     1.6,     83,     7.7,     2.6,     80
  989,     1.6,     77,     7.6,     1.7,     57
  990,     1.6,     67,     7.3,     0.4,    358
  991,     1.6,     49,     7.1,     1.1,    306
  992,     1.6,    331,     7.7,     2.3,    295
  993,     1.6,    261,     8.3,     3.4,    286
  994,     1.5,    242,     8.4,     4.4,    274
  995,     1.5,    233,     8.7,     5.4,    267
  996,     1.6,     91,     7.7,     2.5,     78
  997,     1.6,     85,     7.5,     1.2,     66
  998,     1.6,     76,     7.2,     1.3,     26
  999,     1.6,     63,     7.0,     1.7,    356
 1000,     1.6,     37,     6.7,     2.5,    327
 1001,     1.6,    325,     6.5,     3.3,    318
 1002,     1.6,    262,     8.3,     4.2,    313
 1003,     1.6,    238,     9.0,     4.8,    312
 1004,     1.6,    103,     7.7,     2.4,     77
 1005,     1.6,     96,     7.5,     3.1,     47
 1006,     1.6,     88,     7.1,     3.4,     27
 1007,     1.6,     76,     6.9,     3.2,      2
 1008,     1.7,     60,     6.5,     3.5,    340
 1009,     1.7,     25,     6.4,     4.0,    328
 1010,     1.7,    313,     7.9,     4.6,    324
 1011,     1.7,    257,     9.1,     5.2,    321
 1237,     1.7,    228,     9.1,     5.7,    323
 1238,     1.7,    218,     9.0,     6.7,    312
 1239,     1.7,    219,     9.0,     6.6,    290
 1240,     1.6,    225,     9.1,     7.0,    249
 1247,     1.7,    225,     9.0,     5.4,    306
 1248,     1.7,    222,     9.0,     6.0,    288
 1249,     1.8,    224,     8.9,     7.0,    263
 1250,     1.5,    224,     8.6,     6.6,    243
 1261,     1.6,    228,     8.8,     6.6,    260
 1262,     1.7,    228,     9.0,     7.7,    253
 1263,     1.9,    230,     8.5,     8.5,    248
 1264,     1.9,    231,     8.0,     8.4,    242
 1275,     1.6,    234,     8.5,     6.2,    258
 1276,     1.7,    234,     8.9,     7.1,    253
 1277,     1.8,    235,     8.9,     7.7,    251
 1278,     1.9,    237,     7.9,     8.4,    251
 1289,     1.5,    239,     8.4,     5.0,    267
 1290,     1.6,    239,     8.6,     5.9,    263
 1291,     1.7,    240,     8.6,     6.7,    257
 1292,     1.8,    241,     7.9,     7.1,    244
 1303,     1.4,    240,     8.3,     4.4,    257
 1304,     1.5,    241,     8.3,     5.4,    253
 1305,     1.6,    243,     8.3,     5.8,    249
 1306,     1.6,    249,     7.5,     6.0,    246
 1314,     1.3,    243,     8.2,     4.8,    219
 1315,     1.4,    245,     8.2,     5.6,    226
 1316,     1.5,    248,     8.3,     6.1,    230
 1317,     1.6,    249,     8.2,     6.6,    229
 1325,     1.3,    249,     8.0,     4.1,    190
 1326,     1.4,    251,     8.2,     4.3,    203
 1327,     1.4,    253,     8.2,     4.9,    209
 1328,     1.4,    255,     7.9,     5.0,    213
 1336,     1.3,    253,     7.5,     3.9,    187
 1337,     1.3,    257,     7.6,     4.4,    177
 1338,     1.3,    259,     7.4,     5.2,    191
 1339,     1.3,    262,     7.3,     4.1,    218
 1347,     1.2,    260,     6.8,     3.4,    189
 1348,     0.5,    272,     5.3,     4.9,    169
 1349,     0.7,    280,     6.1,     3.9,    179
 1358,     0.9,    273,     5.7,     2.9,    132
 1359,     0.5,    260,     6.1,     2.6,    153
 1368,     0.6,    293,     5.7,     2.6,    110
 1420,     1.1,    210,     7.2,     3.2,    280
 1421,     1.2,    194,     7.8,     4.1,    266
 1432,     1.5,    228,     6.6,     7.6,    254
 1433,     1.7,    237,     6.8,     8.3,    254
 1434,     1.7,    239,     7.0,     7.8,    253
 1435,     1.7,    236,     7.2,     7.9,    249
 1446,     1.7,    243,     6.4,     9.0,    261
 1447,     1.8,    249,     6.6,     9.7,    255
 1448,     2.0,    253,     6.8,     9.3,    250
 1449,     2.0,    253,     7.0,     8.7,    251
 1460,     1.7,    249,     6.3,     9.0,    256
 1461,     1.8,    254,     6.5,     8.9,    252
 1462,     1.9,    258,     6.6,     8.8,    251
 1463,     1.9,    261,     7.0,     8.7,    255
 1474,     1.6,    251,     6.2,     8.2,    253
 1475,     1.7,    256,     6.3,     7.8,    254
 1476,     1.8,    260,     6.4,     7.9,    254
 1477,     1.9,    265,     6.7,     7.9,    256
 1488,     1.5,    254,     6.7,     7.8,    253
 1489,     1.6,    259,     6.3,     7.4,    255
 1490,     1.7,    264,     6.4,     7.4,    258
 1491,     1.7,    268,     6.6,     7.4,    263
 1502,     1.4,    260,     8.4,     6.9,    255
 1503,     1.5,    267,     8.3,     6.8,    260
 1504,     1.5,    273,     7.7,     6.9,    266
 1505,     1.6,    278,     7.7,     7.2,    270
 1516,     1.3,    285,     8.4,     5.6,    267
 1517,     1.3,    296,     8.4,     6.0,    274
 1518,     1.4,    304,     8.4,     6.4,    276
 1519,     1.5,    311,     8.4,     6.7,    279
 1530,     1.2,     30,     8.4,     4.9,    284
 1531,     1.2,     20,     8.4,     5.4,    286
 1532,     1.3,     15,     8.4,     5.8,    284
 1533,     1.3,     13,     8.4,     6.1,    280
 1544,     1.1,     63,     8.4,     4.1,    287
 1545,     1.1,     58,     8.4,     4.5,    279
 1546,     1.1,     55,     8.4,     4.5,    279
 1547,     1.1,     55,     8.4,     4.2,    282
 1558,     1.1,     68,     8.5,     2.5,    285
 1559,     1.1,     66,     8.5,     2.8,    295
 1560,     1.1,     64,     8.4,     3.6,    302
 1561,     1.1,     64,     8.4,     4.2,    304
 1572,     1.1,     71,     8.5,     2.7,    330
 1573,     1.0,     71,     8.5,     3.5,    325
 1574,     1.0,     70,     8.5,     3.9,    322
 1575,     1.0,     68,     8.4,     3.7,    325
 1586,     1.0,     73,     8.6,     3.1,    347
 1587,     1.0,     74,     8.6,     3.1,    344
 1588,     1.0,     73,     8.5,     2.9,    348
 1589,     1.0,     71,     8.5,     2.9,    349
 1600,     1.0,     74,     8.6,     2.8,      7
 1601,     1.0,     75,     8.6,     2.3,      4
 1602,     1.0,     75,     8.6,     1.8,     10
 1603,     1.0,     74,     8.5,     1.7,      9
 1614,     1.0,     74,     8.7,     2.3,     25
 1615,     1.0,     74,     8.6,     1.8,     27
 1616,     1.0,     74,     8.6,     1.5,     37
 1617,     1.0,     74,     8.6,     1.5,     42
 1628,     0.9,     75,     8.7,     2.2,     35
 1629,     0.9,     74,     8.7,     2.4,     43
 1630,     0.9,     74,     8.6,     2.8,     44
 1631,     0.9,     75,     8.7,     2.6,     40
 1642,     0.9,     76,     8.7,     2.8,     53
 1643,     0.9,     76,     8.7,     3.0,     59
 1644,     0.9,     75,     8.7,     3.4,     57
 1645,     0.9,     76,     8.7,     3.5,     54
 1656,     0.9,     78,     8.7,     2.7,     58
 1657,     0.9,     78,     8.7,     3.2,     60
 1658,     0.9,     77,     8.7,     3.7,     59
 1659,     0.9,     77,     8.7,     4.1,     65
 1670,     0.9,     82,     8.7,     3.0,     58
 1671,     0.9,     82,     8.7,     3.3,     62
 1672,     0.9,     82,     8.7,     3.7,     69
 1673,     0.9,     82,     8.6,     3.8,     80
 1684,     1.0,     87,     8.6,     3.6,     65
 1685,     1.0,     87,     8.6,     3.7,     74
 1686,     1.0,     87,     8.6,     4.0,     81
 1687,     1.0,     87,     8.6,     4.2,     80
 5021,  -999.0,   -999,  -999.0,  -999.0,   -999
 5022,     0.5,    119,     6.7,     4.6,    220
 5029,  -999.0,   -999,  -999.0,  -999.0,   -999
 5038,     0.1,     72,     7.5,     1.2,    145
 5047,  -999.0,   -999,  -999.0,  -999.0,   -999
 5055,  -999.0,   -999,  -999.0,  -999.0,   -999
 5087,     0.8,    170,     7.7,     0.9,    347
 5097,  -999.0,   -999,  -999.0,  -999.0,   -999
 5098,  -999.0,   -999,  -999.0,  -999.0,   -999
 5099,     0.3,    162,     5.6,     2.8,    241
 5118,     0.3,    199,     4.6,     5.1,    185
 5124,     0.2,    208,     3.7,     5.8,    181
 5130,     0.2,    258,     4.5,     3.8,    165
 5131,  -999.0,   -999,  -999.0,  -999.0,   -999
 5137,     0.3,    229,     6.2,     6.0,    147
 5138,     0.1,    175,     3.1,     7.1,    162
 5146,     0.4,    211,     4.1,     8.5,    158
 5147,     0.0,    241,     3.7,     5.1,    151
 5154,     0.0,    255,     4.2,     5.0,    160
 5164,  -999.0,   -999,  -999.0,  -999.0,   -999
 5174,     0.1,    247,     5.2,     4.6,    150
 5184,     0.1,    267,     4.3,     3.3,    172
 5213,     0.0,   -999,     2.6,     0.9,    139
 5214,     0.1,    166,     6.0,     1.7,    271
 6003,  -999.0,   -999,  -999.0,  -999.0,   -999
 6005,     0.3,    184,     3.9,     3.8,    254
 6058,  -999.0,   -999,  -999.0,  -999.0,   -999
 6062,  -999.0,   -999,  -999.0,  -999.0,   -999
 6066,  -999.0,   -999,  -999.0,  -999.0,   -999
 6076,  -999.0,   -999,  -999.0,  -999.0,   -999
 6077,  -999.0,   -999,  -999.0,  -999.0,   -999
 6116,     0.3,    169,     7.7,     1.1,    165
 6119,     0.5,    173,     7.4,     5.6,    213
 6137,  -999.0,   -999,  -999.0,  -999.0,   -999
 6138,  -999.0,   -999,  -999.0,  -999.0,   -999
 6139,  -999.0,   -999,  -999.0,  -999.0,   -999
 6154,     0.1,    132,     7.9,     3.4,    259
 6155,     0.6,    150,     7.7,     3.8,    259
 6454,  -999.0,   -999,  -999.0,  -999.0,   -999
 6455,  -999.0,   -999,  -999.0,  -999.0,   -999
 6456,     0.0,    116,     8.8,     1.2,    135
 6457,     0.2,    106,     7.5,     1.9,    138
 6486,  -999.0,   -999,  -999.0,  -999.0,   -999
 6487,     0.1,    101,     8.7,     1.6,    115
 6601,  -999.0,   -999,  -999.0,  -999.0,   -999
 6602,  -999.0,   -999,  -999.0,  -999.0,   -999
 6603,     0.0,     69,     9.3,     1.0,    142
 6604,  -999.0,   -999,  -999.0,  -999.0,   -999
 6605,     0.3,    169,     2.9,     5.7,    187
 6614,  -999.0,   -999,  -999.0,  -999.0,   -999
 6615,     0.5,    171,     3.4,     6.0,    190
 6624,  -999.0,   -999,  -999.0,  -999.0,   -999
 6642,  -999.0,   -999,  -999.0,  -999.0,   -999
 6660,     0.0,    149,     4.6,     0.2,     73
 6670,     0.3,    134,     7.2,     3.4,    192
 6680,     0.0,    203,     2.7,     4.1,    213
 6681,     0.4,    122,     7.7,     4.0,    198
 6690,     0.1,    147,     7.1,     3.3,    211
 6691,     0.2,    125,     8.8,     2.6,    201
 6901,     0.3,    189,     4.0,     4.5,    264
 6902,     0.6,    208,     4.1,     5.5,    235
 6903,     0.8,    212,     4.3,     5.7,    206
 6904,     0.6,    215,     4.1,     5.2,    201
 6905,     0.5,    203,     4.0,     5.7,    250
 6906,     0.6,    210,     4.2,     5.4,    242
 6907,     0.6,    219,     4.7,     4.7,    202
 6908,     0.6,    232,     4.7,     5.5,    181
 6909,     0.3,    262,     5.1,     3.5,    180
 6910,     0.1,    155,     3.9,     5.2,    285
 6911,     0.3,    195,     3.8,     5.7,    269
 6912,     0.5,    219,     3.9,     6.6,    251
 6913,     0.6,    225,     4.2,     5.8,    228
 6914,     0.5,    234,     4.7,     4.0,    188
 6915,     0.4,    257,     4.9,     3.8,    169
 6918,     0.4,    222,     3.9,     5.3,    284
 6919,     0.7,    230,     4.1,     5.3,    277
 6920,     0.6,    224,     4.1,     5.6,    252
 6921,     0.6,    226,     4.1,     4.4,    215
 6922,     0.6,    243,     4.3,     3.8,    208
 6923,     0.4,    243,     4.7,     4.2,    223
 6928,     0.7,    252,     4.0,     5.0,    288
 6929,     0.8,    244,     4.3,     4.7,    283
 6930,     0.7,    242,     4.4,     5.4,    239
 6931,     0.7,    241,     4.2,     5.4,    217
 6932,     0.7,    240,     4.1,     6.4,    226
 6933,     0.8,    229,     4.3,     7.3,    235
 6937,     0.6,    256,     3.9,     6.2,    265
 6938,     0.8,    256,     4.2,     7.3,    259
 6939,     0.8,    252,     4.2,     6.1,    243
 6940,     0.6,    255,     4.0,     5.8,    222
 6941,     0.4,    268,     4.1,     6.4,    225
 6943,     0.4,    220,     3.3,     5.9,    249
 6944,     0.5,    252,     3.7,     7.2,    239
 6945,     0.5,    266,     3.9,     6.7,    222
 6946,     0.3,    287,     3.9,     5.8,    225
 6947,     0.2,    314,     4.3,     5.7,    217
 6948,     0.3,    304,     3.1,     5.8,    223
 6949,     0.3,    294,     3.3,     5.9,    209
 6950,  -999.0,   -999,  -999.0,  -999.0,   -999
 6951,     0.2,    139,     6.2,     2.7,    219
 6952,     0.5,    146,     7.3,     3.8,    228
 6953,     0.7,    153,     7.4,     4.2,    228
 6954,  -999.0,   -999,  -999.0,  -999.0,   -999
 6955,     0.4,    136,     7.2,     3.5,    227
 6956,     0.5,    147,     7.1,     3.7,    228
 6957,     0.7,    155,     7.1,     3.9,    234
 6958,  -999.0,   -999,  -999.0,  -999.0,   -999
 6959,     0.5,    129,     7.4,     3.9,    231
 6960,     0.6,    145,     7.2,     4.7,    242
 6961,     0.7,    157,     7.0,     5.4,    256
 6962,  -999.0,   -999,  -999.0,  -999.0,   -999
 6963,     0.3,    112,     8.2,     4.4,    252
 6964,     0.6,    161,     6.6,     4.3,    252
 6965,     0.7,    163,     6.7,     4.7,    250
 6966,     0.2,     95,     7.8,     4.3,    227
 6967,     0.4,    139,     5.5,     4.4,    239
 6968,     0.6,    175,     3.6,     4.3,    235
 6969,  -999.0,   -999,  -999.0,  -999.0,   -999
 6970,     0.2,     96,     5.2,     4.0,    226
 6971,     0.5,    157,     4.3,     3.8,    231
 6972,     0.1,     77,     5.4,     3.2,    231
 6973,     0.2,    102,     6.7,     3.3,    230
 6974,     0.1,     94,     3.8,     2.9,    220
 6975,     0.2,     96,     6.8,     2.4,    206
 6976,     0.4,    113,     6.5,     1.4,    205
 6977,     0.2,     96,     8.0,     0.6,    233
 6978,     0.3,    103,     7.4,     1.0,    167
 7349,  -999.0,   -999,  -999.0,  -999.0,   -999
 7359,     0.4,    280,     6.7,     2.4,    179
 7360,  -999.0,   -999,  -999.0,  -999.0,   -999
 7361,  -999.0,   -999,  -999.0,  -999.0,   -999
 7363,     1.2,    266,     7.0,     5.8,    223
 7366,     1.0,    267,     7.4,     6.1,    228
 7367,     0.3,    309,     6.5,     4.4,    225
 7368,     0.6,    290,     5.7,     2.0,    120
 7370,     0.6,    269,     5.3,     5.2,    238
 7372,     0.6,    238,     6.0,     3.9,    205
 7373,     0.3,    166,     3.2,     3.3,    178
 7377,     0.6,    212,     5.4,     4.4,    195
 7378,     0.1,    243,     5.3,     4.1,    197
 7382,     0.5,    228,     5.1,     3.7,    189
 7383,     0.0,   -999,     2.7,     2.4,    195
 7388,     0.0,    171,    11.5,     1.5,    351
 7413,  -999.0,   -999,  -999.0,  -999.0,   -999
 7414,     0.7,    184,     5.5,     0.7,    162
 7415,     0.8,    164,     9.0,     4.2,    205
 7420,     0.1,    140,     6.8,     2.1,    196
 7421,     0.0,    219,     4.7,     1.5,    148
 7422,     0.9,    157,     6.7,     2.1,    198
 7426,     0.9,    197,     6.6,     4.6,    252
 7432,     0.9,    151,     8.0,     5.6,    211
 7432,     1.1,    212,     6.7,     4.1,    274
 7433,     1.2,    220,     6.8,     2.3,    309
 7434,     0.6,    207,     6.7,     0.3,     25
 7435,     0.5,    169,     8.3,     1.7,    262
 7436,     0.4,    199,     6.4,     1.9,    289
 7437,     0.0,    197,     5.3,     1.1,    320
 7472,     1.0,    239,     7.7,     3.1,    194
 7473,     0.0,    180,     4.4,     0.7,    232
 7474,     0.7,    108,     8.9,     4.3,    243
 7904,     0.4,    290,     5.2,     2.0,    167
 7922,     0.0,     14,     6.3,     3.2,    226
 7923,  -999.0,   -999,  -999.0,  -999.0,   -999
 8101,     1.4,    118,     7.7,     0.6,    308
 8102,     1.5,    112,     7.5,     1.4,     49
 8103,     1.6,    102,     7.1,     2.5,     22
 8104,     1.7,     91,     6.9,     3.7,      0
 8105,     1.7,     77,     6.5,     4.5,      5
 8106,     1.7,     54,     6.4,     4.6,    348
 8107,     1.7,     13,     7.6,     5.2,    337
 8108,     1.7,    304,     9.1,     5.6,    328
 8109,     1.7,    241,     9.1,     5.7,    325
 8110,     1.7,    217,     9.1,     6.3,    316
 8111,     1.6,    213,     9.1,     6.5,    307
 8112,     1.7,    218,     9.1,     6.0,    268
 8113,     1.5,    106,     7.0,     0.3,    269
 8114,     1.6,    102,     6.8,     1.8,    357
 8115,     1.7,     88,     6.5,     4.6,     11
 8116,     1.7,     66,     6.4,     5.6,      4
 8117,     1.8,     37,     7.2,     5.9,    354
 8118,     1.8,    353,     9.1,     6.5,    343
 8119,     1.7,    276,     9.2,     6.8,    331
 8120,     1.7,    230,     9.2,     6.5,    321
 8121,     1.6,    212,     9.3,     6.5,    316
 8122,     1.6,    210,     9.4,     5.4,    294
 8123,     1.4,    107,     6.8,     0.8,    232
 8124,     1.6,    105,     6.5,     1.5,    333
 8125,     1.7,     85,     6.6,     4.3,    349
 8126,     1.8,     52,     7.0,     5.7,      2
 8127,     1.8,     18,     9.0,     6.9,      4
 8128,     1.8,    324,     9.3,     7.4,    348
 8129,     1.7,    253,     9.4,     6.4,    331
 8130,     1.6,    212,     9.6,     5.6,    326
 8131,     1.5,    205,     9.8,     3.8,    315
 8132,     1.4,    110,     6.5,     2.4,    190
 8133,     1.5,    107,     8.6,     1.1,    293
 8134,     1.6,     83,     9.3,     5.4,      3
 8135,     1.9,     35,     6.7,     8.2,     15
 8136,     1.9,    356,     6.8,     8.0,    359
 8137,     1.8,    296,     9.4,     6.3,    346
 8138,     1.5,    209,     9.8,     4.2,    339
 8139,     1.5,    201,     9.9,     3.2,     18
 8140,     1.3,    113,     7.9,     1.9,    203
 8141,     1.5,    109,     9.3,     2.6,    350
 8142,     1.7,     74,     9.1,     8.1,     15
 8143,     1.9,     19,     6.1,     8.7,      0
 8144,     1.8,      7,     8.2,     6.4,    358
 8145,     1.6,    160,     9.7,     4.7,      0
 8146,     1.5,    179,     9.8,     1.1,    344
 8147,     1.3,    107,     7.2,     1.4,     38
 8148,     1.5,    106,     8.7,     5.4,     15
 8149,     1.7,     67,     8.9,     8.0,      2
 8150,     1.8,     60,     7.6,     6.2,     17
 8151,     1.7,    118,     8.5,     6.4,     28
 8152,     1.6,    131,     9.2,     4.3,     43
 8300,  -999.0,   -999,  -999.0,  -999.0,   -999
 8301,     0.3,    177,     6.7,     6.8,    162
 8302,     0.8,    180,     8.2,     6.9,    147
 8303,     0.6,    134,     7.6,     2.9,    187
 8304,     1.1,    143,     7.6,     5.3,    152
